{"cameraMode":{"drawMode":0,"name":"Shaded","section":"Shading Mode"},"sceneLighting":false,"audioPlay":false,"sceneViewState":{"showFog":false,"showMaterialUpdate":false,"showSkybox":false,"showFlares":false,"showImageEffects":false,"showParticleSystems":false},"in2DMode":false,"pivot":{"x":45.93061065673828,"y":1.6959893703460694,"z":4.070000171661377},"rotation":{"x":-0.17551353573799134,"y":0.7179081439971924,"z":-0.19545423984527589,"w":-0.644670844078064},"size":4.041658878326416,"orthographic":false}