{"cameraMode":{"drawMode":0,"name":"Shaded","section":"Shading Mode"},"sceneLighting":false,"audioPlay":false,"sceneViewState":{"showFog":false,"showMaterialUpdate":false,"showSkybox":false,"showFlares":false,"showImageEffects":false,"showParticleSystems":false},"in2DMode":false,"pivot":{"x":41.11000061035156,"y":0.5299999713897705,"z":3.989999771118164},"rotation":{"x":-0.22739776968955995,"y":0.6907592415809631,"z":-0.24497924745082856,"w":-0.6411919593811035},"size":5.7157673835754398,"orthographic":false}