{"cameraMode":{"drawMode":0,"name":"Shaded","section":"Shading Mode"},"sceneLighting":false,"audioPlay":false,"sceneViewState":{"showFog":false,"showMaterialUpdate":false,"showSkybox":false,"showFlares":false,"showImageEffects":false,"showParticleSystems":false},"in2DMode":false,"pivot":{"x":11.688618659973145,"y":10.520334243774414,"z":-31.119197845458986},"rotation":{"x":-0.28826209902763369,"y":0.6690043807029724,"z":-0.31773895025253298,"w":-0.6069431900978088},"size":2.000516176223755,"orthographic":false}